url,path,public_or_private,status_code,indexable,title,canonical
https://www.fittrahmoms.com/,/,public,200,yes,Fittrah Moms | \u0641\u0637\u0631\u0629 \u0627\u0644\u0623\u0645\u0647\u0627\u062a,https://www.fittrahmoms.com
https://www.fittrahmoms.com/admin,/admin,private,200,no,Fittrah Moms | \u0641\u0637\u0631\u0629 \u0627\u0644\u0623\u0645\u0647\u0627\u062a,https://www.fittrahmoms.com
https://www.fittrahmoms.com/admin/analytics-en,/admin/analytics-en,private,200,no,Fittrah Moms | \u0641\u0637\u0631\u0629 \u0627\u0644\u0623\u0645\u0647\u0627\u062a,https://www.fittrahmoms.com
https://www.fittrahmoms.com/admin/challenge,/admin/challenge,private,200,no,Fittrah Moms | \u0641\u0637\u0631\u0629 \u0627\u0644\u0623\u0645\u0647\u0627\u062a,https://www.fittrahmoms.com
https://www.fittrahmoms.com/assistant,/assistant,public,200,yes,Fittrah Moms | \u0641\u0637\u0631\u0629 \u0627\u0644\u0623\u0645\u0647\u0627\u062a,https://www.fittrahmoms.com
https://www.fittrahmoms.com/booking,/booking,public,200,yes,\u0627\u062d\u062c\u0632\u064a \u062c\u0644\u0633\u062a\u0643 | \u062c\u0644\u0633\u0629 \u0625\u0631\u0634\u0627\u062f \u0641\u0631\u062f\u064a\u0629 | Fittrah Moms,https://www.fittrahmoms.com/booking
https://www.fittrahmoms.com/challenge,/challenge,public,200,yes,\u062a\u062d\u062f\u064a \u0627\u0648\u0646\u0644\u0627\u064a\u0646 \u0645\u062c\u0627\u0646\u064a | Fittrah Moms | Fittrah Moms,https://www.fittrahmoms.com
https://www.fittrahmoms.com/chat,/chat,public,200,yes,\u0627\u0644\u062f\u0631\u062f\u0634\u0629 \u0648\u0627\u0644\u0646\u0645\u0627\u0630\u062c | \u0641\u0637\u0631\u0629 \u0627\u0644\u0623\u0645\u0647\u0627\u062a | Fittrah Moms,https://www.fittrahmoms.com
https://www.fittrahmoms.com/download,/download,public,200,yes,\u0627\u0644\u0628\u0631\u0646\u0627\u0645\u062c \u0627\u0644\u062a\u062f\u0631\u064a\u0628\u064a | Fittrah Moms | Fittrah Moms,https://www.fittrahmoms.com/train-program
https://www.fittrahmoms.com/faq,/faq,public,200,yes,\u0627\u0644\u0623\u0633\u0626\u0644\u0629 \u0627\u0644\u0634\u0627\u0626\u0639\u0629 | Fittrah Moms | Fittrah Moms,https://www.fittrahmoms.com/faq
https://www.fittrahmoms.com/free-call,/free-call,public,200,yes,Fittrah Moms | \u0641\u0637\u0631\u0629 \u0627\u0644\u0623\u0645\u0647\u0627\u062a,https://www.fittrahmoms.com
https://www.fittrahmoms.com/free-call/redeem,/free-call/redeem,public,200,yes,Fittrah Moms | \u0641\u0637\u0631\u0629 \u0627\u0644\u0623\u0645\u0647\u0627\u062a,https://www.fittrahmoms.com
https://www.fittrahmoms.com/login,/login,public,200,no,Fittrah Moms | \u0641\u0637\u0631\u0629 \u0627\u0644\u0623\u0645\u0647\u0627\u062a,https://www.fittrahmoms.com
https://www.fittrahmoms.com/policy,/policy,public,200,yes,\u0627\u0644\u0634\u0631\u0648\u0637 \u0648\u0627\u0644\u0623\u062d\u0643\u0627\u0645 | Fittrah Moms,https://www.fittrahmoms.com/policy
https://www.fittrahmoms.com/privacy,/privacy,public,200,yes,\u0633\u064a\u0627\u0633\u0629 \u0627\u0644\u062e\u0635\u0648\u0635\u064a\u0629 | Fittrah Moms,https://www.fittrahmoms.com/privacy
https://www.fittrahmoms.com/products,/products,public,200,yes,\u0627\u0644\u0645\u0643\u062a\u0628\u0629 | \u0645\u0644\u0641\u0627\u062a \u0648\u0645\u0648\u0627\u062f \u062a\u0639\u0644\u064a\u0645\u064a\u0629 \u0645\u062c\u0627\u0646\u064a\u0629 | Fittrah Moms,https://www.fittrahmoms.com/products
https://www.fittrahmoms.com/redeem,/redeem,public,200,yes,Fittrah Moms | \u0641\u0637\u0631\u0629 \u0627\u0644\u0623\u0645\u0647\u0627\u062a,https://www.fittrahmoms.com
https://www.fittrahmoms.com/session,/session,public,200,yes,Fittrah Moms | \u0641\u0637\u0631\u0629 \u0627\u0644\u0623\u0645\u0647\u0627\u062a,https://www.fittrahmoms.com
https://www.fittrahmoms.com/success,/success,public,200,yes,Fittrah Moms | \u0641\u0637\u0631\u0629 \u0627\u0644\u0623\u0645\u0647\u0627\u062a,https://www.fittrahmoms.com
https://www.fittrahmoms.com/train-program,/train-program,public,200,yes,\u0627\u0644\u0628\u0631\u0646\u0627\u0645\u062c \u0627\u0644\u062a\u062f\u0631\u064a\u0628\u064a | Fittrah Moms | Fittrah Moms,https://www.fittrahmoms.com/train-program
https://www.fittrahmoms.com/%D8%AF%D8%AE%D9%88%D9%84,/%D8%AF%D8%AE%D9%88%D9%84,public,200,no,Fittrah Moms | \u0641\u0637\u0631\u0629 \u0627\u0644\u0623\u0645\u0647\u0627\u062a,https://www.fittrahmoms.com
https://www.fittrahmoms.com/api/admin/analytics-en/clicks,/api/admin/analytics-en/clicks,private,,no,n/a,n/a
https://www.fittrahmoms.com/api/admin/analytics-en/devices,/api/admin/analytics-en/devices,private,,no,n/a,n/a
https://www.fittrahmoms.com/api/admin/analytics-en/requests,/api/admin/analytics-en/requests,private,,no,n/a,n/a
https://www.fittrahmoms.com/api/admin/analytics-en/series,/api/admin/analytics-en/series,private,,no,n/a,n/a
https://www.fittrahmoms.com/api/admin/analytics-en/summary,/api/admin/analytics-en/summary,private,,no,n/a,n/a
https://www.fittrahmoms.com/api/admin/analytics/by-country,/api/admin/analytics/by-country,private,,no,n/a,n/a
https://www.fittrahmoms.com/api/admin/analytics/by-device,/api/admin/analytics/by-device,private,,no,n/a,n/a
https://www.fittrahmoms.com/api/admin/analytics/by-product,/api/admin/analytics/by-product,private,,no,n/a,n/a
https://www.fittrahmoms.com/api/admin/analytics/by-referrer,/api/admin/analytics/by-referrer,private,,no,n/a,n/a
https://www.fittrahmoms.com/api/admin/analytics/by-source,/api/admin/analytics/by-source,private,,no,n/a,n/a
https://www.fittrahmoms.com/api/admin/analytics/clicks,/api/admin/analytics/clicks,private,,no,n/a,n/a
https://www.fittrahmoms.com/api/admin/analytics/export,/api/admin/analytics/export,private,,no,n/a,n/a
https://www.fittrahmoms.com/api/admin/analytics/requests,/api/admin/analytics/requests,private,,no,n/a,n/a
https://www.fittrahmoms.com/api/admin/analytics/summary,/api/admin/analytics/summary,private,,no,n/a,n/a
https://www.fittrahmoms.com/api/admin/analytics/timeseries,/api/admin/analytics/timeseries,private,,no,n/a,n/a
https://www.fittrahmoms.com/api/admin/bulk-email,/api/admin/bulk-email,private,,no,n/a,n/a
https://www.fittrahmoms.com/api/admin/download-requests,/api/admin/download-requests,private,,no,n/a,n/a
https://www.fittrahmoms.com/api/admin/library,/api/admin/library,private,,no,n/a,n/a
https://www.fittrahmoms.com/api/admin/products,/api/admin/products,private,,no,n/a,n/a
https://www.fittrahmoms.com/api/admin/products-upload,/api/admin/products-upload,private,,no,n/a,n/a
https://www.fittrahmoms.com/api/admin/stats,/api/admin/stats,private,,no,n/a,n/a
https://www.fittrahmoms.com/api/admin/tokens,/api/admin/tokens,private,,no,n/a,n/a
https://www.fittrahmoms.com/api/assistant,/api/assistant,public,,no,n/a,n/a
https://www.fittrahmoms.com/api/auth/[...nextauth],/api/auth/[...nextauth],private,,no,n/a,n/a
https://www.fittrahmoms.com/api/call/redeem,/api/call/redeem,public,,no,n/a,n/a
https://www.fittrahmoms.com/api/call/verify,/api/call/verify,public,,no,n/a,n/a
https://www.fittrahmoms.com/api/debug/auth-env,/api/debug/auth-env,private,,no,n/a,n/a
https://www.fittrahmoms.com/api/debug/env,/api/debug/env,private,,no,n/a,n/a
https://www.fittrahmoms.com/api/debug/supabase-env,/api/debug/supabase-env,private,,no,n/a,n/a
https://www.fittrahmoms.com/api/meta/lead,/api/meta/lead,public,,no,n/a,n/a
https://www.fittrahmoms.com/api/metrics/download-click,/api/metrics/download-click,public,,no,n/a,n/a
https://www.fittrahmoms.com/api/public/book,/api/public/book,public,410,no,n/a,n/a
https://www.fittrahmoms.com/api/redeem,/api/redeem,public,,no,n/a,n/a
https://www.fittrahmoms.com/api/request-download,/api/request-download,public,,no,n/a,n/a
https://www.fittrahmoms.com/robots.txt,/robots.txt,public,200,no,n/a,n/a
https://www.fittrahmoms.com/sitemap.xml,/sitemap.xml,public,200,no,n/a,n/a
